{
  "accuracy": 99.08,
  "classification_report": {
    "0": {
      "precision": 0.9908629441624366,
      "recall": 0.9959183673469387,
      "f1-score": 0.9933842239185751,
      "support": 980.0
    },
    "1": {
      "precision": 0.9912510936132983,
      "recall": 0.9982378854625551,
      "f1-score": 0.9947322212467077,
      "support": 1135.0
    },
    "2": {
      "precision": 0.9941234084231146,
      "recall": 0.9835271317829457,
      "f1-score": 0.9887968826108134,
      "support": 1032.0
    },
    "3": {
      "precision": 0.9920792079207921,
      "recall": 0.9920792079207921,
      "f1-score": 0.9920792079207921,
      "support": 1010.0
    },
    "4": {
      "precision": 0.9908443540183113,
      "recall": 0.9918533604887984,
      "f1-score": 0.9913486005089058,
      "support": 982.0
    },
    "5": {
      "precision": 0.9910414333706606,
      "recall": 0.992152466367713,
      "f1-score": 0.9915966386554622,
      "support": 892.0
    },
    "6": {
      "precision": 0.993717277486911,
      "recall": 0.9906054279749478,
      "f1-score": 0.9921589127025614,
      "support": 958.0
    },
    "7": {
      "precision": 0.9817483189241114,
      "recall": 0.9941634241245136,
      "f1-score": 0.9879168680521991,
      "support": 1028.0
    },
    "8": {
      "precision": 0.9937823834196892,
      "recall": 0.9845995893223819,
      "f1-score": 0.9891696750902527,
      "support": 974.0
    },
    "9": {
      "precision": 0.9890438247011952,
      "recall": 0.9841427155599604,
      "f1-score": 0.9865871833084948,
      "support": 1009.0
    },
    "accuracy": 0.9908,
    "macro avg": {
      "precision": 0.990849424604052,
      "recall": 0.9907279576351546,
      "f1-score": 0.9907770414014765,
      "support": 10000.0
    },
    "weighted avg": {
      "precision": 0.9908176832496278,
      "recall": 0.9908,
      "f1-score": 0.9907969031012887,
      "support": 10000.0
    }
  }
}